[{
  "_id": {
    "$oid": "655072583ca7e59beb4a5503"
  },
  "userName": "อุ้ม",
  "orders": [
    [
      {
        "category": "เครื่องดื่ม",
        "name": "แป๊ปซี่",
        "subcategory": "นํ้าอัดลม",
        "cost": 15,
        "amount": 1,
        "totalPrice": 30,
        "date": "12/10/2002"
      },
      {
        "category": "อาหาร",
        "name": "แกงเขียวหวาน",
        "subcategory": "ของคาว",
        "cost": 15,
        "amount": 1,
        "totalPrice": 30,
        "date": "12/10/2002"
      }
    ],
    [
      {
        "category": "เครื่องดื่ม",
        "name": "นํ้าสิงห์",
        "subcategory": "นํ้าเปล่า",
        "cost": 10,
        "amount": 1,
        "totalPrice": "10",
        "date": "01/09/2020"
      }
    ]
  ],
  "_class": "com.example.customerservice.core.data.history.HistoryEntity",
  "email": "64070245@kmitl.ac.th"
},
{
  "_id": {
    "$oid": "65509c6b3ca7e59beb4a5515"
  },
  "userName": "เอิน",
  "orders": [
    [
      {
        "category": "เครื่องดื่ม",
        "name": "แฟนต้า",
        "subcategory": "นํ้าอัดลม",
        "cost": 15,
        "amount": 1,
        "totalPrice": 30,
        "date": "18/11/2002"
      }
    ]
  ],
  "email": "64070254@kmitl.ac.th",
  "_class": "com.example.customerservice.core.data.history.HistoryEntity"
},
{
  "_id": {
    "$oid": "65516f8d3ca7e59beb4a5570"
  },
  "userName": "POG9",
  "orders": [
    [
      {
        "category": "เครื่องดื่ม",
        "name": "แป๊ปซี่",
        "subcategory": "นํ้าอัดลม",
        "cost": 15,
        "amount": 1,
        "totalPrice": 30,
        "date": "12/10/2002"
      },
      {
        "category": "อาหาร",
        "name": "แกงเขียวหวาน",
        "subcategory": "ของคาว",
        "cost": 15,
        "amount": 1,
        "totalPrice": 30,
        "date": "12/10/2002"
      }
    ],
    [
      {
        "category": "อาหาร",
        "name": "แซนด์วิชทูน่า",
        "subcategory": "ขนมปัง",
        "cost": 15,
        "amount": 1,
        "totalPrice": 10,
        "date": "12/12/2023",
        "nameEng": "Peppsi",
        "_class": "com.example.core.commands.Product_Core"
      },
      {
        "category": "อาหาร",
        "name": "กะเพรา",
        "subcategory": "ข้าว",
        "cost": 15,
        "amount": 1,
        "totalPrice": 10,
        "date": "12/12/2023",
        "nameEng": "Fanta Green Juice",
        "_class": "com.example.core.commands.Product_Core"
      }
    ],
    [
      {
        "category": "อาหาร",
        "name": "แซนด์วิชทูน่า",
        "subcategory": "ขนมปัง",
        "cost": 15,
        "amount": 1,
        "url": "https://campus.campus-star.com/app/uploads/2016/08/ssna.jpg",
        "totalPrice": 10,
        "date": "12/12/2023",
        "nameEng": "Peppsi",
        "_class": "com.example.core.commands.Product_Core"
      },
      {
        "category": "อาหาร",
        "name": "กะเพรา",
        "subcategory": "ข้าว",
        "cost": 15,
        "amount": 1,
        "url": "https://thanakritsite.files.wordpress.com/2016/09/11-e0b89ce0b8b1e0b894e0b881e0b8a3e0b8b0e0b980e0b89ee0b8a3e0b8b2e0b8abe0b8a1e0b8b9_6_1-1-180_490x960.jpeg",
        "totalPrice": 10,
        "date": "12/12/2023",
        "nameEng": "Fanta Green Juice",
        "_class": "com.example.core.commands.Product_Core"
      }
    ],
    [
      {
        "category": "อาหาร",
        "name": "แกงเขียวหวาน",
        "subcategory": "ข้าว",
        "cost": 15,
        "amount": 10,
        "url": "https://campus.campus-star.com/app/uploads/2016/08/ssna.jpg",
        "totalPrice": 40,
        "date": "12/12/2023",
        "nameEng": "Peppsi",
        "_class": "com.example.core.commands.Product_Core"
      },
      {
        "category": "เครื่องดื่ม",
        "name": "นํ้าสิงห์",
        "subcategory": "นํ้าเปล่า",
        "cost": 15,
        "amount": 2,
        "url": "https://thanakritsite.files.wordpress.com/2016/09/11-e0b89ce0b8b1e0b894e0b881e0b8a3e0b8b0e0b980e0b89ee0b8a3e0b8b2e0b8abe0b8a1e0b8b9_6_1-1-180_490x960.jpeg",
        "totalPrice": 10,
        "date": "12/12/2023",
        "nameEng": "Fanta Green Juice",
        "_class": "com.example.core.commands.Product_Core"
      }
    ]
  ],
  "email": "pog9@gmail.com",
  "_class": "com.example.customerservice.core.data.history.HistoryEntity"
},
{
  "_id": {
    "$oid": "6551efa5c4d2ad1d0fa1b589"
  },
  "userName": "heyabaebey",
  "orders": [],
  "email": "heyabaebey@gmail.com"
},
{
  "_id": {
    "$oid": "6551efc7c4d2ad1d0fa1b58c"
  },
  "userName": "heyabaebey1",
  "orders": [],
  "email": "heyabaebey1@gmail.com"
},
{
  "_id": {
    "$oid": "6551f028c4d2ad1d0fa1b590"
  },
  "userName": "hellobaebey2",
  "orders": [],
  "email": "hellobaebey2@gmail.com"
},
{
  "_id": {
    "$oid": "6551f02ec4d2ad1d0fa1b591"
  },
  "userName": "hellobaebey",
  "orders": [],
  "email": "hellobaebey@gmail.com"
},
{
  "_id": {
    "$oid": "6551f040c4d2ad1d0fa1b592"
  },
  "userName": "aibae",
  "orders": [],
  "email": "aibae@gmail.com"
},
{
  "_id": {
    "$oid": "6551f04ac4d2ad1d0fa1b593"
  },
  "userName": "baebey",
  "orders": [],
  "email": "baebey@gmail.com"
}]